<?xml version="1.0" encoding="UTF-8"?>
<project-private xmlns="http://www.netbeans.org/ns/project-private/1">
    <editor-bookmarks xmlns="http://www.netbeans.org/ns/editor-bookmarks/2" lastBookmarkId="0"/>
    <open-files xmlns="http://www.netbeans.org/ns/projectui-open-files/2">
        <group>
            <file>file:/var/www/html/sips/onlineform.php</file>
            <file>file:/var/www/html/sips/gallery.php</file>
            <file>file:/var/www/html/sips/director.php</file>
            <file>file:/var/www/html/sips/chairperson.php</file>
            <file>file:/var/www/html/sips/actionPdf.php</file>
            <file>file:/var/www/html/sips/secretary.php</file>
        </group>
    </open-files>
</project-private>
