<?xml version="1.0" encoding="UTF-8" standalone="true"?>
<FileZilla3> 
    <Servers> 
        <Server> 
            <Host>sunriseeduhub.in</Host> 
            <Port>21</Port> 
            <Protocol>0</Protocol> 
            <Type>0</Type> 
            <User>sunrise4teamkoof@sunriseeduhub.in</User>
            <Logontype>2</Logontype> 
            <TimezoneOffset>0</TimezoneOffset> 
            <PasvMode>MODE_DEFAULT</PasvMode> 
            <MaximumMultipleConnections>0</MaximumMultipleConnections> 
            <EncodingType>Auto</EncodingType> 
            <BypassProxy>0</BypassProxy> 
            <Name>sunriseeduhub.in</Name> 
            <Comments/> 
            <LocalDir/> 
            <RemoteDir/> 
            <SyncBrowsing>0</SyncBrowsing>
            sunriseeduhub.in 
        </Server> 
    </Servers> 
</FileZilla3>
